time,date,hour,precip [mm/day],Sub36 [m3/s],Sub36 (observed) [m3/s],Sub43 [m3/s],Sub43 (observed) [m3/s]
0,2002-10-01,00:00:00.00,---,5.96354,,11.2505,
1,2002-10-02,00:00:00.00,4.34194,10.6901,0.801,16.4164,3.07
2,2002-10-03,00:00:00.00,1.34882,14.2288,0.828,22.0409,2.99
3,2002-10-04,00:00:00.00,3.49763,10.5831,0.86,20.2221,3.06
4,2002-10-05,00:00:00.00,7.26494,6.93426,0.903,16.3581,2.93
5,2002-10-06,00:00:00.00,0.474409,4.96354,1.04,12.8945,3.15
6,2002-10-07,00:00:00.00,0.2,3.9874,1.03,9.8291,3.21
7,2002-10-08,00:00:00.00,1.0628,3.6984,0.837,8.16077,3.08
8,2002-10-09,00:00:00.00,0.137204,3.52672,0.641,7.38932,3.02
9,2002-10-10,00:00:00.00,0,3.37352,0.512,6.89991,2.67
10,2002-10-11,00:00:00.00,0,3.22705,0.382,6.54186,2.54
11,2002-10-12,00:00:00.00,0.168602,3.08533,0.377,6.23769,2.52
12,2002-10-13,00:00:00.00,1.27097,2.94961,0.403,5.95858,2.87
13,2002-10-14,00:00:00.00,1.49763,2.81983,0.437,5.69674,2.67
14,2002-10-15,00:00:00.00,0,2.69575,0.405,5.44826,2.56
15,2002-10-16,00:00:00.00,0,2.57713,0.399,5.20946,2.56
16,2002-10-17,00:00:00.00,0,2.46373,0.42,4.98037,2.59
17,2002-10-18,00:00:00.00,1.1686,2.35532,0.432,4.76138,2.78
18,2002-10-19,00:00:00.00,10.4757,2.2761,0.448,4.62112,2.65
19,2002-10-20,00:00:00.00,5.77204,2.34599,0.607,4.71628,3.92
20,2002-10-21,00:00:00.00,0.262796,2.45408,0.741,4.8225,3.81
21,2002-10-22,00:00:00.00,1.39656,2.44067,0.634,4.72866,3.26
22,2002-10-23,00:00:00.00,3.32559,2.43017,0.501,4.63125,3.49
23,2002-10-24,00:00:00.00,0,2.43413,0.486,4.56731,3.21
24,2002-10-25,00:00:00.00,0,2.37949,0.475,4.47498,3.07
25,2002-10-26,00:00:00.00,7.35355,2.45661,0.489,4.49348,2.95
26,2002-10-27,00:00:00.00,2.70107,2.67005,0.551,4.69553,3.37
27,2002-10-28,00:00:00.00,0.2,2.6991,0.669,4.85401,3.73
28,2002-10-29,00:00:00.00,0,2.57293,0.574,4.83206,3.78
29,2002-10-30,00:00:00.00,0,2.4544,0.53,4.69401,3.67
30,2002-10-31,00:00:00.00,0,2.34565,0.498,4.51109,3.32
31,2002-11-01,00:00:00.00,5.59312,2.24233,0.408,4.31957,3.21
32,2002-11-02,00:00:00.00,6.73376,2.14364,0.606,4.13455,3.31
33,2002-11-03,00:00:00.00,1.05118,2.04932,0.444,3.95759,3.53
34,2002-11-04,00:00:00.00,0,1.96102,0.479,3.7881,3.63
35,2002-11-05,00:00:00.00,0,2.00177,0.538,3.75209,3.5
36,2002-11-06,00:00:00.00,1.1686,2.17162,0.725,3.83416,3.37
37,2002-11-07,00:00:00.00,6.37892,2.69987,0.703,4.309,3.57
38,2002-11-08,00:00:00.00,0,3.16188,0.589,4.92994,4.01
39,2002-11-09,00:00:00.00,0,3.00355,0.89,5.1291,3.8
40,2002-11-10,00:00:00.00,0.782581,2.73531,0.858,5.0632,3.7
41,2002-11-11,00:00:00.00,38.0972,16.9826,1.52,26.3766,4.14
42,2002-11-12,00:00:00.00,0.945377,24.528,6.07,47.3969,12.6
43,2002-11-13,00:00:00.00,0,13.9021,5.17,36.0183,15.1
44,2002-11-14,00:00:00.00,0,7.962,3.56,20.3483,11
45,2002-11-15,00:00:00.00,2.32215,5.11489,2.34,13.2361,8.81
46,2002-11-16,00:00:00.00,1.74064,4.27777,1.85,9.67441,7.61
47,2002-11-17,00:00:00.00,0.356989,4.04955,1.5,8.11969,6.33
48,2002-11-18,00:00:00.00,1.31398,3.82074,1.33,7.40987,5.71
49,2002-11-19,00:00:00.00,1.01161,3.64194,1.26,6.93706,5.38
50,2002-11-20,00:00:00.00,0.662796,3.75505,1.24,6.93071,5.19
51,2002-11-21,00:00:00.00,0,3.90619,1.13,7.16121,5.12
52,2002-11-22,00:00:00.00,1.97677,3.91486,1.02,7.23141,5.07
53,2002-11-23,00:00:00.00,3.96731,4.20046,1.12,7.65352,4.94
54,2002-11-24,00:00:00.00,0.0313979,4.27011,1.16,8.09378,4.83
55,2002-11-25,00:00:00.00,1.85936,4.14363,1.09,8.14309,4.65
56,2002-11-26,00:00:00.00,2.27441,4.16768,1,8.09184,4.7
57,2002-11-27,00:00:00.00,0.411613,4.07664,1.04,7.95385,4.51
58,2002-11-28,00:00:00.00,0.913979,3.91045,0.98,7.73757,4.41
59,2002-11-29,00:00:00.00,1.81634,3.73932,0.95,7.46259,4.25
60,2002-11-30,00:00:00.00,1.57677,3.58664,0.93,7.17757,4.17
61,2002-12-01,00:00:00.00,2.54194,3.44381,0.94,6.90199,4.18
62,2002-12-02,00:00:00.00,5.27226,3.29609,0.96,6.62098,4.38
63,2002-12-03,00:00:00.00,0.0627957,3.15174,0.91,6.33962,4.19
64,2002-12-04,00:00:00.00,0.482581,3.01316,0.87,6.0647,4.05
65,2002-12-05,00:00:00.00,0.3,2.88059,0.83,5.79933,3.95
66,2002-12-06,00:00:00.00,1.80237,2.75384,0.8,5.54466,3.85
67,2002-12-07,00:00:00.00,0.294194,2.63266,0.77,5.30085,3.8
68,2002-12-08,00:00:00.00,0.0313979,2.51682,0.728,5.06766,3.74
69,2002-12-09,00:00:00.00,0.713979,2.40608,0.7,4.84469,3.68
70,2002-12-10,00:00:00.00,0,2.3002,0.67,4.63152,3.62
71,2002-12-11,00:00:00.00,0.274409,2.19899,0.65,4.42772,3.56
72,2002-12-12,00:00:00.00,0.274409,2.10454,0.635,4.23325,3.5
73,2002-12-13,00:00:00.00,0,2.12583,0.629,4.17263,3.45
74,2002-12-14,00:00:00.00,0.2,2.19788,0.639,4.21945,3.7
75,2002-12-15,00:00:00.00,0.137204,2.2448,0.673,4.31805,4.3
76,2002-12-16,00:00:00.00,1.01979,2.24874,0.734,4.42432,4.4
77,2002-12-17,00:00:00.00,0,2.16581,0.679,4.39767,4.25
78,2002-12-18,00:00:00.00,0,2.07416,0.577,4.27454,4
79,2002-12-19,00:00:00.00,1.26516,1.98375,0.561,4.11317,3.96
80,2002-12-20,00:00:00.00,10.0744,9.75881,0.656,14.1816,4.4
81,2002-12-21,00:00:00.00,5.99656,21.3953,4.75,33.6536,9.4
82,2002-12-22,00:00:00.00,1.07677,21.4782,15.8,39.1876,14
83,2002-12-23,00:00:00.00,1.13957,13.5006,7.74,29.2207,36
84,2002-12-24,00:00:00.00,0.933764,7.1668,4.25,19.1034,20
85,2002-12-25,00:00:00.00,1.58839,4.33936,3.03,12.52,9
86,2002-12-26,00:00:00.00,0.682581,3.45307,2.63,8.82472,7.3
87,2002-12-27,00:00:00.00,0,3.22435,2.37,7.27646,6.5
88,2002-12-28,00:00:00.00,0,3.07473,2.24,6.48719,5.6
89,2002-12-29,00:00:00.00,0,2.93833,1.85,6.01445,5.1
90,2002-12-30,00:00:00.00,0.168602,2.80888,1.94,5.68547,5.05
91,2002-12-31,00:00:00.00,1.31161,2.90018,1.68,5.73766,5
92,2003-01-01,00:00:00.00,0.548817,3.37096,2.48,6.2302,5.4
93,2003-01-02,00:00:00.00,0,3.74806,8.1,6.60737,6.7
94,2003-01-03,00:00:00.00,1.40817,3.60796,6.38,6.67448,11
95,2003-01-04,00:00:00.00,1.13376,3.30526,4.1,6.55211,16.2
96,2003-01-05,00:00:00.00,0.256989,3.12901,3,6.28786,10.3
97,2003-01-06,00:00:00.00,1.60237,2.9867,2.18,5.98477,8.6
98,2003-01-07,00:00:00.00,0.225591,2.85462,1.7,5.70342,7.5
99,2003-01-08,00:00:00.00,0.0627957,2.72892,1.4,5.44489,6.3
100,2003-01-09,00:00:00.00,4.84172,4.17394,1.5,7.69196,8
101,2003-01-10,00:00:00.00,1.88731,5.24763,1.59,10.3034,7.4
102,2003-01-11,00:00:00.00,3.5385,4.70531,1.2,9.71831,7
103,2003-01-12,00:00:00.00,1.91634,4.17579,1.08,8.41766,6.6
104,2003-01-13,00:00:00.00,1.70237,3.55247,1,7.59193,6.3
105,2003-01-14,00:00:00.00,2.22796,3.26159,0.9,6.93806,6.1
106,2003-01-15,00:00:00.00,2.66172,3.10252,0.85,6.41088,5.85
107,2003-01-16,00:00:00.00,1.42796,2.96405,0.79,6.02133,5.65
108,2003-01-17,00:00:00.00,0.319785,2.83334,0.745,5.71581,5.45
109,2003-01-18,00:00:00.00,0,2.70863,0.715,5.45049,5.3
110,2003-01-19,00:00:00.00,0.682581,2.58944,0.68,5.20617,5.15
111,2003-01-20,00:00:00.00,1.84774,2.4755,0.645,4.97566,5
112,2003-01-21,00:00:00.00,1.59075,2.36657,0.615,4.75627,4.9
113,2003-01-22,00:00:00.00,0.388387,2.26244,0.59,4.54684,4.8
114,2003-01-23,00:00:00.00,0.908172,2.16343,0.57,4.34681,4.7
115,2003-01-24,00:00:00.00,1.13957,2.07105,0.545,4.15616,4.6
116,2003-01-25,00:00:00.00,1.20237,1.98271,0.525,3.97492,4.5
117,2003-01-26,00:00:00.00,2.66172,1.8961,0.505,3.80207,4.42
118,2003-01-27,00:00:00.00,0,1.81281,0.49,3.63799,4.35
119,2003-01-28,00:00:00.00,0.519785,1.73308,0.475,3.48354,4.27
120,2003-01-29,00:00:00.00,1.49656,1.65683,0.465,3.3357,4.2
121,2003-01-30,00:00:00.00,0.0627957,1.58392,0.455,3.1919,4.15
122,2003-01-31,00:00:00.00,0,1.51423,0.445,3.05272,4.1
123,2003-02-01,00:00:00.00,0.474409,1.4476,0.44,2.9189,4.05
124,2003-02-02,00:00:00.00,4.44172,2.52952,0.5,4.59838,4.02
125,2003-02-03,00:00:00.00,0.0686021,2.9969,0.625,6.4684,4
126,2003-02-04,00:00:00.00,3.30839,2.06279,0.75,5.9428,4.4
127,2003-02-05,00:00:00.00,4.31527,1.72333,1.19,4.83671,6
128,2003-02-06,00:00:00.00,1.15936,1.63414,1.6,4.16164,8.3
129,2003-02-07,00:00:00.00,0.325591,1.56369,2,3.81915,8.85
130,2003-02-08,00:00:00.00,0.131398,1.49785,2.29,3.6025,9.3
131,2003-02-09,00:00:00.00,1.47097,1.43406,2.22,3.42752,8.9
132,2003-02-10,00:00:00.00,0.0686021,1.37172,2.13,3.27155,8.5
133,2003-02-11,00:00:00.00,1.30817,1.31163,1.97,3.12623,8.1
134,2003-02-12,00:00:00.00,1.20817,1.25402,1.76,2.98838,7.6
135,2003-02-13,00:00:00.00,0.619785,1.19888,1.55,2.85687,7.25
136,2003-02-14,00:00:00.00,0.0627957,1.14614,1.45,2.7312,6.95
137,2003-02-15,00:00:00.00,0,1.09571,1.3,2.61104,6.65
138,2003-02-16,00:00:00.00,0,1.0475,1.2,2.49617,6.4
139,2003-02-17,00:00:00.00,0.162796,1.00141,1.13,2.38634,6.2
140,2003-02-18,00:00:00.00,1.17677,0.957343,1.09,2.28888,5.95
141,2003-02-19,00:00:00.00,0.874409,0.915218,1,2.20169,5.8
142,2003-02-20,00:00:00.00,0.2,0.874946,1.05,2.1129,6
143,2003-02-21,00:00:00.00,0.137204,0.836447,1.11,2.02279,6.15
144,2003-02-22,00:00:00.00,0.0627957,0.799642,1.14,1.9348,6.45
145,2003-02-23,00:00:00.00,2.86968,0.764456,1.19,1.85002,6.8
146,2003-02-24,00:00:00.00,0,0.730818,1.08,1.76874,6.4
147,2003-02-25,00:00:00.00,1.6628,0.698661,1,1.69096,6.15
148,2003-02-26,00:00:00.00,0.0686021,0.667918,0.925,1.61657,5.95
149,2003-02-27,00:00:00.00,0.131398,0.639135,0.86,1.5455,5.75
150,2003-02-28,00:00:00.00,0.137204,0.612503,0.8,1.47781,5.55
151,2003-03-01,00:00:00.00,1.02323,0.586882,0.76,1.41348,5.4
152,2003-03-02,00:00:00.00,1.30237,0.56172,0.66,1.35224,5.2
153,2003-03-03,00:00:00.00,1.08602,0.537326,0.62,1.29365,5
154,2003-03-04,00:00:00.00,0.751183,0.513839,0.58,1.23741,4.85
155,2003-03-05,00:00:00.00,4.87226,0.491302,0.55,1.18342,4.7
156,2003-03-06,00:00:00.00,0.751183,0.469717,0.52,1.13163,4.55
157,2003-03-07,00:00:00.00,2.12086,0.449068,0.49,1.082,4.4
158,2003-03-08,00:00:00.00,0.3,0.429319,0.465,1.03448,4.25
159,2003-03-09,00:00:00.00,0.902366,0.410434,0.445,0.989008,4.5
160,2003-03-10,00:00:00.00,0.162796,0.392377,0.425,0.945516,4.85
161,2003-03-11,00:00:00.00,0,0.375113,0.41,0.903926,4.73
162,2003-03-12,00:00:00.00,3.12796,0.358608,0.395,0.864159,4.55
163,2003-03-13,00:00:00.00,1.07441,0.342829,0.385,0.826138,4.41
164,2003-03-14,00:00:00.00,1.50925,0.327744,0.38,0.789789,4.28
165,2003-03-15,00:00:00.00,0,0.313322,0.4,0.755782,4.21
166,2003-03-16,00:00:00.00,0.0627957,1.26006,0.5,2.04128,5.4
167,2003-03-17,00:00:00.00,0,13.4616,0.75,17.9697,8.6
168,2003-03-18,00:00:00.00,0.137204,66.6015,1.92,86.6619,12
169,2003-03-19,00:00:00.00,0.131398,91.8498,19,136.438,30
170,2003-03-20,00:00:00.00,0.551183,50.0765,46.2,95.9675,83
171,2003-03-21,00:00:00.00,1.2,28.0574,47.7,45.4539,83.5
172,2003-03-22,00:00:00.00,1.21161,40.3027,65.2,34.2906,89.1
173,2003-03-23,00:00:00.00,0.748817,43.6914,74.4,42.0229,99.4
174,2003-03-24,00:00:00.00,0.256989,35.7069,50.3,43.7399,103
175,2003-03-25,00:00:00.00,0.137204,50.4472,39.7,43.929,69.7
176,2003-03-26,00:00:00.00,0.525591,57.6732,50.5,53.4202,63.9
177,2003-03-27,00:00:00.00,0.0627957,29.0689,41.6,50.3849,73.3
178,2003-03-28,00:00:00.00,0.256989,7.77012,23.7,28.7657,53.1
179,2003-03-29,00:00:00.00,3.32559,4.8837,15.9,12.9383,33.6
180,2003-03-30,00:00:00.00,15.7114,5.31191,25.1,8.78492,30.9
181,2003-03-31,00:00:00.00,0.325591,6.28352,28.4,8.21105,50.6
182,2003-04-01,00:00:00.00,2.02796,5.55099,12.2,7.93666,34.8
183,2003-04-02,00:00:00.00,1.95355,4.72471,8.15,7.50466,19.9
184,2003-04-03,00:00:00.00,0.531398,4.87454,7.46,7.01135,16.5
185,2003-04-04,00:00:00.00,6.2129,4.65717,7.67,6.69104,15.3
186,2003-04-05,00:00:00.00,2.75355,4.09862,7.18,6.40667,15.5
187,2003-04-06,00:00:00.00,0.551183,3.79681,5.44,6.00085,14.3
188,2003-04-07,00:00:00.00,5.76731,3.61515,4.78,5.59082,11.5
189,2003-04-08,00:00:00.00,3.72925,3.45595,4.17,5.26485,10.8
190,2003-04-09,00:00:00.00,3.49763,3.30387,3.11,5.00235,9.86
191,2003-04-10,00:00:00.00,0.337204,3.15849,3.36,4.77273,8.68
192,2003-04-11,00:00:00.00,0,4.10943,8.45,5.03075,10.2
193,2003-04-12,00:00:00.00,0,10.3858,41.3,8.46309,29.2
194,2003-04-13,00:00:00.00,0,16.4263,41.9,14.18,74.6
195,2003-04-14,00:00:00.00,0,13.2827,22.4,16.9162,60.2
196,2003-04-15,00:00:00.00,0,7.56431,13,15.0814,33.7
197,2003-04-16,00:00:00.00,0,5.44503,9.7,11.2265,22.4
198,2003-04-17,00:00:00.00,0,5.00121,7.3,8.5164,17.8
199,2003-04-18,00:00:00.00,0.256989,4.37349,5.6,7.34064,14.7
200,2003-04-19,00:00:00.00,1.62796,3.67362,4.95,6.57845,12.4
201,2003-04-20,00:00:00.00,0,3.39647,4.7,5.90893,10.9
202,2003-04-21,00:00:00.00,1.57204,3.22744,4.54,5.39371,10
203,2003-04-22,00:00:00.00,2.31398,3.08048,4.07,5.04185,9.49
204,2003-04-23,00:00:00.00,1.21161,2.94418,3.85,4.77838,8.98
205,2003-04-24,00:00:00.00,0,2.81456,3.65,4.55391,8.41
206,2003-04-25,00:00:00.00,0,2.69109,3.1,4.34869,7.83
207,2003-04-26,00:00:00.00,0,2.57532,2.93,4.15622,7.41
208,2003-04-27,00:00:00.00,0,2.4646,2.65,3.97429,6.77
209,2003-04-28,00:00:00.00,0,2.35653,2.45,3.80112,6.39
210,2003-04-29,00:00:00.00,0.137204,2.25289,2.3,3.63506,6.04
211,2003-04-30,00:00:00.00,0,2.15376,2.19,3.47563,5.65
212,2003-05-01,00:00:00.00,1.58839,2.059,2.35,3.32341,5.38
213,2003-05-02,00:00:00.00,22.5604,2.03242,3,3.80013,6.85
214,2003-05-03,00:00:00.00,11.2301,3.42318,7.8,6.40279,11.3
215,2003-05-04,00:00:00.00,0,4.11927,8.1,8.14997,17.3
216,2003-05-05,00:00:00.00,0,3.12192,6,7.00186,15.1
217,2003-05-06,00:00:00.00,25.354,3.14058,5,6.66677,12.7
218,2003-05-07,00:00:00.00,0.2,3.3584,20,6.8988,15.4
219,2003-05-08,00:00:00.00,0.194194,3.16538,19.2,6.25796,31.7
220,2003-05-09,00:00:00.00,0,3.03052,9.2,5.71171,23.7
221,2003-05-10,00:00:00.00,0.725591,2.90063,6.6,5.40533,15.4
222,2003-05-11,00:00:00.00,6.96774,3.16487,5.6,5.23019,12.6
223,2003-05-12,00:00:00.00,16.9673,4.77746,6.2,5.79787,11.3
224,2003-05-13,00:00:00.00,6.29763,6.85401,15.6,7.31032,12.7
225,2003-05-14,00:00:00.00,0.462796,7.00537,26.6,8.6798,25
226,2003-05-15,00:00:00.00,0,5.35967,15,8.86864,30.9
227,2003-05-16,00:00:00.00,0,3.93143,9.1,7.96078,19
228,2003-05-17,00:00:00.00,4.44645,3.38815,6.6,6.80399,14
229,2003-05-18,00:00:00.00,0,3.19334,5.2,5.93639,11.8
230,2003-05-19,00:00:00.00,0,3.04874,4.45,5.40244,10.4
231,2003-05-20,00:00:00.00,0,2.91422,4.2,5.05978,9.26
232,2003-05-21,00:00:00.00,11.9626,2.7875,4.05,5.00168,8.3
233,2003-05-22,00:00:00.00,0,2.66766,3.85,4.92531,8.3
234,2003-05-23,00:00:00.00,0,2.55173,3.62,4.57344,8.13
235,2003-05-24,00:00:00.00,19.1557,2.43966,3.4,4.76613,7.6
236,2003-05-25,00:00:00.00,10.6211,3.13524,23,5.71372,9.7
237,2003-05-26,00:00:00.00,0.0686021,3.88349,25.6,6.16491,37.3
238,2003-05-27,00:00:00.00,0.162796,3.48909,11,5.88787,28.8
239,2003-05-28,00:00:00.00,4.17204,2.93423,8.5,5.54565,16
240,2003-05-29,00:00:00.00,0.2,2.69927,6.4,5.14679,13.9
241,2003-05-30,00:00:00.00,0,2.56754,4.5,4.75007,11
242,2003-05-31,00:00:00.00,0.913979,2.45271,4.1,4.45028,9.74
243,2003-06-01,00:00:00.00,1.0628,2.34452,3.7,4.22123,8.69
244,2003-06-02,00:00:00.00,0,2.24132,3.15,4.02464,7.58
245,2003-06-03,00:00:00.00,0,2.14269,2.75,3.84408,6.54
246,2003-06-04,00:00:00.00,0,2.04841,2.3,3.67383,5.83
247,2003-06-05,00:00:00.00,8.4,1.95827,2.05,3.562,5.51
248,2003-06-06,00:00:00.00,1.85118,1.87211,2.15,3.45967,5.67
249,2003-06-07,00:00:00.00,0.2,1.79063,1.69,3.29172,5.53
250,2003-06-08,00:00:00.00,0.274409,1.71473,1.63,3.12018,5.27
251,2003-06-09,00:00:00.00,4.05591,1.64173,1.55,2.97955,4.94
252,2003-06-10,00:00:00.00,1.4,1.57005,1.85,2.85547,5.21
253,2003-06-11,00:00:00.00,0.474409,1.50109,2.19,2.73495,5.14
254,2003-06-12,00:00:00.00,0.0686021,1.43507,1.91,2.61651,5.13
255,2003-06-13,00:00:00.00,3.47699,1.37193,1.98,2.50197,5.01
256,2003-06-14,00:00:00.00,2.1071,1.332,2.6,2.39485,5.51
257,2003-06-15,00:00:00.00,0.274409,1.32152,2.84,2.303,5.94
258,2003-06-16,00:00:00.00,0.137204,1.29996,2.4,2.22905,5.78
259,2003-06-17,00:00:00.00,0.274409,1.2537,1.97,2.162,5.31
260,2003-06-18,00:00:00.00,0,1.20103,1.59,2.09679,4.76
261,2003-06-19,00:00:00.00,10.2828,1.14875,1.35,2.05981,4.44
262,2003-06-20,00:00:00.00,3.27226,1.14722,1.45,2.01832,4.42
263,2003-06-21,00:00:00.00,0.411613,1.20356,1.94,1.95149,4.25
264,2003-06-22,00:00:00.00,0.274409,1.21853,1.53,1.9052,4.37
265,2003-06-23,00:00:00.00,0.137204,1.17615,1.17,1.87515,4.43
266,2003-06-24,00:00:00.00,0,1.12591,0.934,1.83686,3.89
267,2003-06-25,00:00:00.00,0,1.07671,0.768,1.78309,3.54
268,2003-06-26,00:00:00.00,0,1.02941,0.708,1.71894,3.37
269,2003-06-27,00:00:00.00,5.70237,0.984129,0.633,1.66168,3.13
270,2003-06-28,00:00:00.00,0.686021,0.94083,0.603,1.60405,3.24
271,2003-06-29,00:00:00.00,0.262796,0.899432,0.592,1.53437,3.13
272,2003-06-30,00:00:00.00,6.53871,0.859856,0.617,1.46742,2.98
273,2003-07-01,00:00:00.00,0.131398,0.823725,0.801,1.40543,2.86
274,2003-07-02,00:00:00.00,0,0.790552,1.45,1.34557,2.76
275,2003-07-03,00:00:00.00,0,0.757628,0.999,1.2883,2.77
276,2003-07-04,00:00:00.00,0,0.724962,0.843,1.23352,3.21
277,2003-07-05,00:00:00.00,0.1,0.693306,0.763,1.18073,2.91
278,2003-07-06,00:00:00.00,3.1514,0.662887,0.77,1.12975,2.75
279,2003-07-07,00:00:00.00,3.53979,0.633751,0.602,1.08061,2.86
280,2003-07-08,00:00:00.00,2.84903,0.605876,0.846,1.03336,3.05
281,2003-07-09,00:00:00.00,0.2,0.579221,0.798,0.988043,3.17
282,2003-07-10,00:00:00.00,0.168602,0.553735,0.908,0.944642,3.28
283,2003-07-11,00:00:00.00,0.83957,0.52937,0.66,0.903111,2.99
284,2003-07-12,00:00:00.00,1.6443,0.506077,0.759,0.863389,3.16
285,2003-07-13,00:00:00.00,0.827957,0.483809,0.854,0.825405,3.1
286,2003-07-14,00:00:00.00,0.325591,0.46252,0.765,0.789089,2.98
287,2003-07-15,00:00:00.00,0,0.442169,0.694,0.754369,2.75
288,2003-07-16,00:00:00.00,1.39312,0.422712,0.812,0.721176,2.76
289,2003-07-17,00:00:00.00,0.262796,0.404112,0.936,0.689443,2.87
290,2003-07-18,00:00:00.00,0.0627957,0.38633,0.942,0.659106,3.2
291,2003-07-19,00:00:00.00,0.137204,0.369331,0.793,0.630104,3.1
292,2003-07-20,00:00:00.00,0,0.35308,0.719,0.602379,2.78
293,2003-07-21,00:00:00.00,1.20473,0.338279,0.723,0.575945,2.72
294,2003-07-22,00:00:00.00,5.94989,0.32495,0.812,0.581649,2.94
295,2003-07-23,00:00:00.00,0.2,0.311883,0.982,0.583539,3.53
296,2003-07-24,00:00:00.00,0.125591,0.298772,1.07,0.549175,3.39
297,2003-07-25,00:00:00.00,0.168602,0.285924,1.44,0.519068,3.15
298,2003-07-26,00:00:00.00,0.125591,0.273487,0.985,0.496391,2.93
299,2003-07-27,00:00:00.00,0.543011,0.261521,0.929,0.476619,3.05
300,2003-07-28,00:00:00.00,0.0627957,0.250044,0.699,0.457811,2.9
301,2003-07-29,00:00:00.00,0.0627957,0.23906,0.642,0.439434,2.68
302,2003-07-30,00:00:00.00,0,0.228551,0.648,0.421426,2.5
303,2003-07-31,00:00:00.00,0,0.218499,0.628,0.403844,2.38
304,2003-08-01,00:00:00.00,1.62323,0.208887,0.665,0.388257,2.36
305,2003-08-02,00:00:00.00,2.23032,0.199697,0.619,0.373942,2.37
306,2003-08-03,00:00:00.00,3.34882,0.190911,0.631,0.362789,2.94
307,2003-08-04,00:00:00.00,9.51247,0.182511,0.817,0.527914,3.82
308,2003-08-05,00:00:00.00,16.0925,2.55468,3.83,4.97571,3.44
309,2003-08-06,00:00:00.00,5.41764,3.94871,4.33,9.80793,3.47
310,2003-08-07,00:00:00.00,7.93506,2.60597,3.65,9.37226,7.91
311,2003-08-08,00:00:00.00,0.525591,1.67948,3.48,6.91292,6.42
312,2003-08-09,00:00:00.00,0,1.01982,2.54,4.48508,5.73
313,2003-08-10,00:00:00.00,0.131398,0.913084,1.81,3.12319,5.67
314,2003-08-11,00:00:00.00,0,0.884377,1.35,2.54991,5.49
315,2003-08-12,00:00:00.00,45.406,12.1633,4.15,23.3557,4.46
316,2003-08-13,00:00:00.00,4.13032,16.0952,14.9,44.0601,7.05
317,2003-08-14,00:00:00.00,0.137204,6.07054,15.9,31.5431,19.3
318,2003-08-15,00:00:00.00,0,2.6275,7.14,14.3346,18.2
319,2003-08-16,00:00:00.00,0.162796,1.69455,3.88,7.69555,11.1
320,2003-08-17,00:00:00.00,3.38839,1.50391,2.66,5.28353,7.4
321,2003-08-18,00:00:00.00,0,1.43304,2.04,4.24542,5.59
322,2003-08-19,00:00:00.00,0,1.37016,1.58,3.79065,4.61
323,2003-08-20,00:00:00.00,0,1.30994,1.14,3.53539,3.99
324,2003-08-21,00:00:00.00,0.0686021,1.25232,0.969,3.34671,3.5
325,2003-08-22,00:00:00.00,3.11871,1.19723,1,3.18786,3.13
326,2003-08-23,00:00:00.00,0.188387,1.14455,0.863,3.04449,2.86
327,2003-08-24,00:00:00.00,0,1.09419,0.857,2.90933,2.63
328,2003-08-25,00:00:00.00,0.0627957,1.04604,0.753,2.78066,2.51
329,2003-08-26,00:00:00.00,1.67333,1.00002,0.732,2.658,2.46
330,2003-08-27,00:00:00.00,1.02323,0.956013,0.619,2.54145,2.44
331,2003-08-28,00:00:00.00,0,0.913946,0.441,2.43039,2.39
332,2003-08-29,00:00:00.00,0.256989,0.874505,0.361,2.33299,2.3
333,2003-08-30,00:00:00.00,0.645377,0.8376,0.374,2.24483,2.31
334,2003-08-31,00:00:00.00,0,0.801946,0.354,2.1535,2.24
335,2003-09-01,00:00:00.00,0,0.767257,0.357,2.06207,2.08
336,2003-09-02,00:00:00.00,0.337204,0.733787,0.353,1.97305,2.07
337,2003-09-03,00:00:00.00,0.337204,0.70164,0.367,1.88718,2.09
338,2003-09-04,00:00:00.00,0,0.670832,0.389,1.80467,2.36
339,2003-09-05,00:00:00.00,0,0.641345,0.367,1.72556,2.17
340,2003-09-06,00:00:00.00,0,0.613142,0.359,1.64979,2.09
341,2003-09-07,00:00:00.00,0,0.586172,0.355,1.57729,2.04
342,2003-09-08,00:00:00.00,0,0.560385,0.305,1.50793,2.02
343,2003-09-09,00:00:00.00,0,0.535729,0.271,1.4416,2.01
344,2003-09-10,00:00:00.00,0,0.512157,0.273,1.37818,1.94
345,2003-09-11,00:00:00.00,0,0.489622,0.336,1.31755,1.94
346,2003-09-12,00:00:00.00,0,0.468078,0.394,1.25958,1.94
347,2003-09-13,00:00:00.00,0,0.447482,0.377,1.20415,1.92
348,2003-09-14,00:00:00.00,0,0.427792,0.429,1.15117,1.88
349,2003-09-15,00:00:00.00,3.04903,0.408968,0.324,1.10052,1.92
350,2003-09-16,00:00:00.00,11.9604,0.415902,0.448,1.17567,2.17
351,2003-09-17,00:00:00.00,0.2,0.462946,0.503,1.23537,2.47
352,2003-09-18,00:00:00.00,0,0.507687,0.566,1.14796,2.24
353,2003-09-19,00:00:00.00,1.74194,0.521925,0.464,1.08147,2.13
354,2003-09-20,00:00:00.00,25.2951,0.552289,0.746,1.91585,2.98
355,2003-09-21,00:00:00.00,0,0.59098,0.689,2.40405,3.84
356,2003-09-22,00:00:00.00,0.0686021,0.595193,0.658,1.76766,3.1
357,2003-09-23,00:00:00.00,24.3931,5.4242,0.765,8.80608,2.9
358,2003-09-24,00:00:00.00,0.131398,7.52367,1.74,16.5676,3.74
359,2003-09-25,00:00:00.00,5.64645,4.9483,1.93,15.4594,3.71
360,2003-09-26,00:00:00.00,2.43269,4.30834,1.25,12.0843,4.41
361,2003-09-27,00:00:00.00,3.64559,4.04446,1.34,8.87414,3.87
362,2003-09-28,00:00:00.00,14.2391,6.59695,1.74,9.97099,5.07
363,2003-09-29,00:00:00.00,0.874409,7.17145,1.85,12.8332,5.76
364,2003-09-30,00:00:00.00,3.27699,5.0875,1.48,11.538,4.84
365,2003-10-01,00:00:00.00,1.31054,4.55415,1.09,8.98295,4.12
366,2003-10-02,00:00:00.00,3.08129,4.38841,0.971,7.84114,3.87
367,2003-10-03,00:00:00.00,2.10581,3.82745,0.98,7.37756,3.46
368,2003-10-04,00:00:00.00,11.3024,3.97233,0.881,7.45799,3.36
369,2003-10-05,00:00:00.00,9.12086,5.802,1.39,9.45712,4.04
370,2003-10-06,00:00:00.00,2.0628,6.91568,2.94,11.7563,4.74
371,2003-10-07,00:00:00.00,0.137204,5.85699,4.71,11.5122,5.46
372,2003-10-08,00:00:00.00,0.0686021,4.70308,3.26,9.87687,7.1
373,2003-10-09,00:00:00.00,0,4.18565,2.26,8.64213,6.36
374,2003-10-10,00:00:00.00,0,3.95324,1.73,7.89504,5.38
375,2003-10-11,00:00:00.00,0,3.77449,1.4,7.36252,4.56
376,2003-10-12,00:00:00.00,0,3.60797,1.12,6.96488,4.11
377,2003-10-13,00:00:00.00,0.268602,3.44918,0.981,6.63287,3.77
378,2003-10-14,00:00:00.00,0,3.29752,0.911,6.3327,3.51
379,2003-10-15,00:00:00.00,28.8026,3.16666,1.19,6.75953,3.85
380,2003-10-16,00:00:00.00,7.21849,4.03534,13.4,8.39181,7.84
381,2003-10-17,00:00:00.00,0,4.55478,18.4,9.14067,18
382,2003-10-18,00:00:00.00,0,3.91459,7.91,8.29193,21
383,2003-10-19,00:00:00.00,0.674409,3.58052,4.63,7.41272,12.3
384,2003-10-20,00:00:00.00,0,3.40286,3.26,6.84796,8.8
385,2003-10-21,00:00:00.00,0,3.2541,2.55,6.45648,7.21
386,2003-10-22,00:00:00.00,0.262796,3.11334,2.09,6.14177,6.14
387,2003-10-23,00:00:00.00,0.262796,2.97669,1.82,5.86266,5.53
388,2003-10-24,00:00:00.00,0.131398,2.84576,1.5,5.60249,5.1
389,2003-10-25,00:00:00.00,0.0627957,2.72054,1.39,5.3554,4.75
390,2003-10-26,00:00:00.00,4.83957,2.66876,1.31,5.14119,4.57
391,2003-10-27,00:00:00.00,12.0417,3.28019,1.98,5.67246,5.02
392,2003-10-28,00:00:00.00,0.674409,3.91995,3.28,6.44888,6.47
393,2003-10-29,00:00:00.00,2.63957,3.79131,4.08,6.61288,7.01
394,2003-10-30,00:00:00.00,2.07441,3.60158,3.84,6.58525,7.86
395,2003-10-31,00:00:00.00,0,3.52243,3.58,6.43862,7.73
396,2003-11-01,00:00:00.00,0.2,3.39292,3.3,6.21682,7.29
397,2003-11-02,00:00:00.00,2.52344,3.33081,2.9,5.99449,6.92
398,2003-11-03,00:00:00.00,27.3325,8.65195,6.61,10.3606,7.97
399,2003-11-04,00:00:00.00,17.2465,31.6312,31.4,38.2865,21
400,2003-11-05,00:00:00.00,0.474409,39.7057,37.8,62.7582,48.6
401,2003-11-06,00:00:00.00,0.231398,21.2931,24.5,49.4251,51.5
402,2003-11-07,00:00:00.00,0,9.80431,11.7,26.7923,29.4
403,2003-11-08,00:00:00.00,0.0313979,6.04969,7.87,15.6981,17.4
404,2003-11-09,00:00:00.00,0,4.69423,5.9,11.1726,13.4
405,2003-11-10,00:00:00.00,0,4.3118,4.25,8.88077,11
406,2003-11-11,00:00:00.00,2.96172,4.23101,3.5,8.00102,9.26
407,2003-11-12,00:00:00.00,6.41161,5.15759,3.29,8.43059,8.5
408,2003-11-13,00:00:00.00,3.98366,6.7107,4.01,10.6196,8.4
409,2003-11-14,00:00:00.00,1.08602,6.72963,6.63,12.2514,9.86
410,2003-11-15,00:00:00.00,1.80473,5.56629,8.28,11.5469,12.7
411,2003-11-16,00:00:00.00,2.53957,5.25848,9.71,10.1762,14.5
412,2003-11-17,00:00:00.00,3.43484,5.83436,15.6,9.87643,16.3
413,2003-11-18,00:00:00.00,1.9372,6.07766,23.4,10.2949,23
414,2003-11-19,00:00:00.00,8.37677,7.53779,18.8,12.1905,30.9
415,2003-11-20,00:00:00.00,11.3837,15.0235,37.5,22.1779,30.5
416,2003-11-21,00:00:00.00,0,18.4127,50.8,30.9739,64.3
417,2003-11-22,00:00:00.00,0,13.0181,19.5,27.0568,63.8
418,2003-11-23,00:00:00.00,0,8.70909,10.8,19.8699,26.1
419,2003-11-24,00:00:00.00,0,6.67974,7.85,15.1885,17.6
420,2003-11-25,00:00:00.00,4.85806,6.11131,6.69,12.6976,14.3
421,2003-11-26,00:00:00.00,0.2,5.99942,7.36,11.7633,13.1
422,2003-11-27,00:00:00.00,0,5.73834,6.81,11.1403,13
423,2003-11-28,00:00:00.00,7.45806,6.08451,6.48,11.5351,12.6
424,2003-11-29,00:00:00.00,14.6323,13.4815,14.6,24.6297,17.1
425,2003-11-30,00:00:00.00,1.2314,15.5378,35.1,36.0618,44.2
426,2003-12-01,00:00:00.00,4.0443,10.5062,20.6,29.7424,50.2
427,2003-12-02,00:00:00.00,0.886021,9.76713,17.5,22.0862,29.9
428,2003-12-03,00:00:00.00,0,8.21679,16.1,17.8426,26.3
429,2003-12-04,00:00:00.00,0.548817,6.81313,10.6,14.71,21.4
430,2003-12-05,00:00:00.00,0.376774,6.19776,8.12,12.8142,16
431,2003-12-06,00:00:00.00,0,5.87702,6.87,11.7249,13.8
432,2003-12-07,00:00:00.00,0,5.61469,5.52,11.0431,11.8
433,2003-12-08,00:00:00.00,0,5.36735,4.31,10.5167,10.3
434,2003-12-09,00:00:00.00,0,5.13139,3.88,10.0454,9.4
435,2003-12-10,00:00:00.00,0.0627957,4.91647,3.91,9.63845,8.97
436,2003-12-11,00:00:00.00,8.7372,6.78818,3.53,11.6033,8.55
437,2003-12-12,00:00:00.00,1.62323,8.86307,25.2,14.9683,10.5
438,2003-12-13,00:00:00.00,4.10946,7.82461,27.7,15.3948,35.8
439,2003-12-14,00:00:00.00,0.231398,6.09171,11.5,13.4165,28.6
440,2003-12-15,00:00:00.00,1.20237,5.32269,7.22,11.4456,15.9
441,2003-12-16,00:00:00.00,0.2,5.02811,7.6,10.2408,12.9
442,2003-12-17,00:00:00.00,0.325591,4.84005,6.08,9.65202,12.1
443,2003-12-18,00:00:00.00,1.82796,4.66635,10.5,9.32445,11.8
444,2003-12-19,00:00:00.00,0.0627957,4.46375,12.5,8.98415,15.8
445,2003-12-20,00:00:00.00,1.30237,4.26733,8.72,8.61306,16.6
446,2003-12-21,00:00:00.00,0.325591,4.07956,7.07,8.2417,13.3
447,2003-12-22,00:00:00.00,0.137204,3.90005,5.47,7.88143,11.1
448,2003-12-23,00:00:00.00,0.405806,4.06167,5.53,7.97666,10.3
449,2003-12-24,00:00:00.00,17.7789,17.4726,9.41,26.3132,11.6
450,2003-12-25,00:00:00.00,0.162796,25.7704,40.9,45.0433,30.2
451,2003-12-26,00:00:00.00,1.15118,16.9757,26,37.0047,54.1
452,2003-12-27,00:00:00.00,0.2,10.625,14.3,23.7633,31.1
453,2003-12-28,00:00:00.00,0.0627957,7.04914,9.58,16.8141,19.1
454,2003-12-29,00:00:00.00,0.922151,6.88915,7.68,13.1705,15
455,2003-12-30,00:00:00.00,12.6581,17.4972,7.71,19.3522,13.2
456,2003-12-31,00:00:00.00,5.63484,31.3933,43.9,37.2801,19.8
457,2004-01-01,00:00:00.00,0,27.2336,34.5,45.7275,65
458,2004-01-02,00:00:00.00,1.60817,15.2023,15.3,35.6964,37.6
459,2004-01-03,00:00:00.00,6.06624,12.8303,11.1,26.7056,20.7
460,2004-01-04,00:00:00.00,2.60473,14.2522,17.5,25.368,19
461,2004-01-05,00:00:00.00,1.27677,13.381,19.9,23.3102,25.7
462,2004-01-06,00:00:00.00,2.51634,10.6692,11.7,19.8893,23.9
463,2004-01-07,00:00:00.00,3.63613,8.05036,7.88,16.7173,16.4
464,2004-01-08,00:00:00.00,2.32452,6.62282,3,14.0611,12
465,2004-01-09,00:00:00.00,1.30581,5.99285,5.63,12.1974,10.7
466,2004-01-10,00:00:00.00,0,5.67427,4.4,11.089,9.7
467,2004-01-11,00:00:00.00,0.788387,5.42039,3.7,10.4126,9
468,2004-01-12,00:00:00.00,4.68387,5.18157,3.3,9.90818,8.5
469,2004-01-13,00:00:00.00,1.88495,4.9538,2.9,9.48731,8.9
470,2004-01-14,00:00:00.00,0.0627957,4.73689,2.75,9.11011,9.3
471,2004-01-15,00:00:00.00,2.38495,4.52933,2.58,8.73475,8.3
472,2004-01-16,00:00:00.00,0,4.33011,2.4,8.36197,7.9
473,2004-01-17,00:00:00.00,0,4.13958,2.2,7.99817,7.5
474,2004-01-18,00:00:00.00,1.56516,3.95743,2.08,7.6476,7.2
475,2004-01-19,00:00:00.00,3.13613,3.7833,1.97,7.31153,6.8
476,2004-01-20,00:00:00.00,0.256989,3.61682,1.88,6.98994,6.6
477,2004-01-21,00:00:00.00,0.0627957,3.45768,1.8,6.68242,6.4
478,2004-01-22,00:00:00.00,5.31527,3.30666,1.73,6.38856,6.2
479,2004-01-23,00:00:00.00,3.36172,3.16392,1.68,6.1083,5.9
480,2004-01-24,00:00:00.00,0.556989,3.02656,1.58,5.84118,5.7
481,2004-01-25,00:00:00.00,0.162796,2.89365,1.55,5.58586,5.5
482,2004-01-26,00:00:00.00,0,2.76637,1.52,5.3411,5.3
483,2004-01-27,00:00:00.00,1.84774,2.64464,1.48,5.10651,5.2
484,2004-01-28,00:00:00.00,3.56172,2.52828,1.42,4.88196,5
485,2004-01-29,00:00:00.00,4.26989,2.41703,1.4,4.6672,4.9
486,2004-01-30,00:00:00.00,1.57097,2.31067,1.38,4.46185,4.7
487,2004-01-31,00:00:00.00,7.56538,2.209,1.36,4.26552,4.6
488,2004-02-01,00:00:00.00,2.43032,2.1118,1.34,4.07783,4.5
489,2004-02-02,00:00:00.00,0,2.01994,1.32,3.89857,4.4
490,2004-02-03,00:00:00.00,1.49075,1.93399,1.3,3.72787,4.3
491,2004-02-04,00:00:00.00,3.23484,1.85119,1.31,3.56635,4.5
492,2004-02-05,00:00:00.00,0.262796,1.77025,1.33,3.41473,4.2
493,2004-02-06,00:00:00.00,0.651183,1.69248,1.36,3.27119,4
494,2004-02-07,00:00:00.00,0.451183,1.61803,1.33,3.13197,4.3
495,2004-02-08,00:00:00.00,0,1.54684,1.3,2.99626,4.1
496,2004-02-09,00:00:00.00,0,1.47878,1.28,2.86528,3.9
497,2004-02-10,00:00:00.00,0.388387,1.41371,1.23,2.73954,3.8
498,2004-02-11,00:00:00.00,1.73376,1.3515,1.2,2.61914,4
499,2004-02-12,00:00:00.00,0.294194,1.29203,1.17,2.50394,3.8
500,2004-02-13,00:00:00.00,0.0313979,1.23518,1.15,2.39379,3.9
501,2004-02-14,00:00:00.00,0,1.18083,1.13,2.28846,3.6
502,2004-02-15,00:00:00.00,0.551183,1.12887,1.1,2.19168,3.5
503,2004-02-16,00:00:00.00,0,1.0792,1.09,2.10749,3.4
504,2004-02-17,00:00:00.00,0,1.0336,1.08,2.02621,3.3
505,2004-02-18,00:00:00.00,0,0.991262,1.07,1.94185,3.5
506,2004-02-19,00:00:00.00,0,0.949345,1.09,1.85936,3.4
507,2004-02-20,00:00:00.00,0.2,0.908186,1.11,1.77979,3.7
508,2004-02-21,00:00:00.00,7.19742,1.5837,1.17,2.76069,4.1
509,2004-02-22,00:00:00.00,2.38021,1.86618,1.28,3.89052,4.8
510,2004-02-23,00:00:00.00,0.2,1.32776,1.6,3.67877,4.6
511,2004-02-24,00:00:00.00,0.588387,1.17138,1.9,3.14559,5
512,2004-02-25,00:00:00.00,0.137204,1.11504,3,2.81732,4.8
513,2004-02-26,00:00:00.00,0,1.06597,2.8,2.62152,5.3
514,2004-02-27,00:00:00.00,0.0627957,1.01906,2.6,2.4788,5.7
515,2004-02-28,00:00:00.00,0,0.974224,2.55,2.35937,6.6
516,2004-02-29,00:00:00.00,0,0.931356,2.53,2.26264,8.2
517,2004-03-01,00:00:00.00,0,1.54972,2.7,3.156,9.9
518,2004-03-02,00:00:00.00,0.6,5.18028,3.16,8.72984,15
519,2004-03-03,00:00:00.00,3.83011,27.1041,11.7,43.9386,24
520,2004-03-04,00:00:00.00,0.256989,38.9325,43.3,75.7837,38
521,2004-03-05,00:00:00.00,0.788387,32.7585,47.8,70.2401,60
522,2004-03-06,00:00:00.00,22.7931,101.03,64,130.434,85.1
523,2004-03-07,00:00:00.00,0,135.553,168,195.041,150
524,2004-03-08,00:00:00.00,3.48129,52.2859,74,128.753,258
525,2004-03-09,00:00:00.00,1.15462,2.09931,30.2,38.0931,126
526,2004-03-10,00:00:00.00,2.39527,2.49991,17.9,7.76986,46.9
527,2004-03-11,00:00:00.00,0,2.62663,13.4,4.41899,32.2
528,2004-03-12,00:00:00.00,1.96172,2.56786,12,4.84761,26.1
529,2004-03-13,00:00:00.00,1.92215,2.46811,9.94,5.13542,23.2
530,2004-03-14,00:00:00.00,0.137204,2.36267,7.28,5.13332,19.3
531,2004-03-15,00:00:00.00,1.84301,2.25943,7.31,4.98754,16.7
532,2004-03-16,00:00:00.00,0.125591,2.16017,7.39,4.79491,15.9
533,2004-03-17,00:00:00.00,2.57914,2.06516,7.19,4.59266,14.7
534,2004-03-18,00:00:00.00,2.64645,1.9743,5.62,4.39339,13.1
535,2004-03-19,00:00:00.00,0.137204,1.88743,6.36,4.20096,12
536,2004-03-20,00:00:00.00,0.325591,1.80438,5.27,4.0184,12.2
537,2004-03-21,00:00:00.00,6.03484,5.66256,7.51,9.0722,12.4
538,2004-03-22,00:00:00.00,0.0313979,8.13071,21.3,15.137,15.9
539,2004-03-23,00:00:00.00,0.256989,5.36258,13.9,13.7022,27.4
540,2004-03-24,00:00:00.00,0.474409,3.51749,9.58,9.77237,18.9
541,2004-03-25,00:00:00.00,2.57204,6.00097,7.66,11.9359,16.1
542,2004-03-26,00:00:00.00,2.59785,42.36,23.2,27.093,15.2
543,2004-03-27,00:00:00.00,11.3277,117.991,67.8,88.8233,45.7
544,2004-03-28,00:00:00.00,0,111.849,81.9,142.709,98.9
545,2004-03-29,00:00:00.00,0,37.7753,34.3,99.3858,101
546,2004-03-30,00:00:00.00,0.525591,9.36513,19.6,35.5315,43.4
547,2004-03-31,00:00:00.00,26.5161,20.4899,23.3,34.8365,35.6
548,2004-04-01,00:00:00.00,2.37677,30.8709,32.6,52.5001,76
549,2004-04-02,00:00:00.00,2.50925,22.0736,27.5,46.0624,76.6
550,2004-04-03,00:00:00.00,1.43484,13.8159,18.8,32.3601,41.5
551,2004-04-04,00:00:00.00,0.702366,9.13008,14,22.7264,30
552,2004-04-05,00:00:00.00,0.2,6.61874,10.5,16.388,22.6
553,2004-04-06,00:00:00.00,0.137204,5.3968,7.08,12.5333,18
554,2004-04-07,00:00:00.00,1.4,4.75313,4.75,10.5756,15.3
555,2004-04-08,00:00:00.00,0,4.48154,4.3,9.61155,13.6
556,2004-04-09,00:00:00.00,0,4.32366,3.87,9.10214,12.6
557,2004-04-10,00:00:00.00,0,4.15397,3.48,8.69378,11.7
558,2004-04-11,00:00:00.00,0,3.97446,3.06,8.31478,10.8
559,2004-04-12,00:00:00.00,0,3.80021,2.76,7.9545,9.99
560,2004-04-13,00:00:00.00,0.4,3.63567,2.51,7.6078,9.14
561,2004-04-14,00:00:00.00,5.7557,3.47829,2.53,7.30855,9.08
562,2004-04-15,00:00:00.00,0,3.32561,2.72,7.01631,9.06
563,2004-04-16,00:00:00.00,0,3.17933,2.4,6.69146,8.85
564,2004-04-17,00:00:00.00,0.537204,3.03944,2.2,6.38288,8.34
565,2004-04-18,00:00:00.00,5.58366,2.9057,2.24,6.12232,7.86
566,2004-04-19,00:00:00.00,16.1024,2.82611,4.46,6.29631,8.29
567,2004-04-20,00:00:00.00,3.30107,2.80033,14.2,6.52494,13.9
568,2004-04-21,00:00:00.00,1.17097,2.73242,8.47,6.22187,21.2
569,2004-04-22,00:00:00.00,9.50451,2.62924,6.16,6.01981,15.4
570,2004-04-23,00:00:00.00,0.137204,2.52649,8.54,5.8731,16.2
571,2004-04-24,00:00:00.00,0,2.4177,6.26,5.46539,16
572,2004-04-25,00:00:00.00,0,2.31434,4.5,5.10089,13.2
573,2004-04-26,00:00:00.00,4.30925,2.21443,3.65,4.85396,11.3
574,2004-04-27,00:00:00.00,8.72301,2.1544,3.75,4.88472,11
575,2004-04-28,00:00:00.00,1.98366,2.10392,3.88,4.95975,10.6
576,2004-04-29,00:00:00.00,0.388387,2.01897,3.53,4.72869,10.7
577,2004-04-30,00:00:00.00,0,1.93047,3.1,4.41341,9.76
578,2004-05-01,00:00:00.00,2.33506,1.84553,2.77,4.16818,8.79
579,2004-05-02,00:00:00.00,6.15355,1.76432,2.81,3.99108,8.47
580,2004-05-03,00:00:00.00,19.6718,1.8201,8.68,4.66605,11
581,2004-05-04,00:00:00.00,0,1.93258,19.5,5.12859,23.3
582,2004-05-05,00:00:00.00,0.874409,1.9136,11,4.51152,26.3
583,2004-05-06,00:00:00.00,5.28129,1.93849,8.32,4.26846,17.7
584,2004-05-07,00:00:00.00,1.2628,1.95844,7.51,4.37332,15
585,2004-05-08,00:00:00.00,0,1.87503,6.15,4.31721,13.4
586,2004-05-09,00:00:00.00,13.4,1.79936,5.38,4.34673,12.7
587,2004-05-10,00:00:00.00,14.9815,3.42912,19.2,6.10496,16.6
588,2004-05-11,00:00:00.00,5.29763,6.12816,30,9.03035,35.4
589,2004-05-12,00:00:00.00,0.2,5.97675,23.5,10.1223,44.8
590,2004-05-13,00:00:00.00,0,3.95035,12.9,9.10082,30.4
591,2004-05-14,00:00:00.00,1.52559,2.87212,8.78,7.5374,18.7
592,2004-05-15,00:00:00.00,7.57892,2.54435,6.91,6.39153,14.3
593,2004-05-16,00:00:00.00,1.02323,2.39758,9.62,5.67176,12.3
594,2004-05-17,00:00:00.00,0,2.28935,7.75,5.16371,14.2
595,2004-05-18,00:00:00.00,0,2.19111,5.52,4.804,12.4
596,2004-05-19,00:00:00.00,0.294194,2.09578,4.22,4.5471,10.7
597,2004-05-20,00:00:00.00,0.137204,2.00381,3.57,4.33574,9.24
598,2004-05-21,00:00:00.00,2.66968,1.9157,3.19,4.14743,8.22
599,2004-05-22,00:00:00.00,0.922151,1.83142,3,3.97158,7.72
600,2004-05-23,00:00:00.00,29.3583,1.76256,3.61,4.63381,7.61
601,2004-05-24,00:00:00.00,26.1183,19.2815,27.6,31.6036,19.1
602,2004-05-25,00:00:00.00,10.5493,40.3666,32.8,63.5545,67.5
603,2004-05-26,00:00:00.00,0.643011,40.5141,32.8,60.7685,92.2
604,2004-05-27,00:00:00.00,0.137204,23.8773,22.5,43.3044,77.4
605,2004-05-28,00:00:00.00,0.902366,7.82768,13.6,26.0146,28.3
606,2004-05-29,00:00:00.00,0,4.15953,9.68,13.9762,18.8
607,2004-05-30,00:00:00.00,0,3.14842,6.82,8.8835,14.7
608,2004-05-31,00:00:00.00,0,2.9236,5.03,6.90219,12.1
609,2004-06-01,00:00:00.00,7.16043,2.78121,4.09,6.04073,10.6
610,2004-06-02,00:00:00.00,3.40344,2.65687,4.4,5.6089,10.4
611,2004-06-03,00:00:00.00,1.96516,2.53968,4,5.30091,11.2
612,2004-06-04,00:00:00.00,0.137204,2.42789,3.7,5.00512,10.2
613,2004-06-05,00:00:00.00,0,2.32105,3.17,4.74364,8.72
614,2004-06-06,00:00:00.00,0,2.21892,2.9,4.52107,7.72
615,2004-06-07,00:00:00.00,0,2.12243,2.82,4.31951,6.98
616,2004-06-08,00:00:00.00,0,2.03199,2.71,4.12983,6.42
617,2004-06-09,00:00:00.00,0.482581,1.94479,2.72,3.94979,5.9
618,2004-06-10,00:00:00.00,2.63484,1.85972,2.46,3.78173,5.61
619,2004-06-11,00:00:00.00,1.45118,1.77801,2.56,3.62547,5.99
620,2004-06-12,00:00:00.00,0.137204,1.6998,2.4,3.47529,5.43
621,2004-06-13,00:00:00.00,0,1.62501,2.36,3.32784,5.24
622,2004-06-14,00:00:00.00,9.49549,1.55351,2.5,3.22467,4.99
623,2004-06-15,00:00:00.00,43.8215,59.2015,3.96,18.0409,5.76
624,2004-06-16,00:00:00.00,0.2,130.977,77.6,79.205,6.5
625,2004-06-17,00:00:00.00,0.337204,83.0721,30.3,114.465,79.5
626,2004-06-18,00:00:00.00,6.63699,14.9741,12,63.7381,30.2
627,2004-06-19,00:00:00.00,1.02323,6.49766,8.85,17.2361,15.5
628,2004-06-20,00:00:00.00,1.41161,3.25833,5.42,8.81963,12.7
629,2004-06-21,00:00:00.00,0,2.26744,3.51,6.11678,9.64
630,2004-06-22,00:00:00.00,6.65591,2.08151,2.45,4.4312,7.95
631,2004-06-23,00:00:00.00,0.6,1.97762,2.23,3.6001,7.07
632,2004-06-24,00:00:00.00,4.34882,1.88884,2.18,3.20991,6.55
633,2004-06-25,00:00:00.00,5.66065,1.80548,2.18,3.01313,6.18
634,2004-06-26,00:00:00.00,0.0627957,1.726,2.2,2.86659,5.84
635,2004-06-27,00:00:00.00,0,1.65004,2.56,2.72439,5.69
636,2004-06-28,00:00:00.00,0.613979,1.57864,2.04,2.59768,5.6
637,2004-06-29,00:00:00.00,0.168602,1.51214,1.78,2.48309,5.28
638,2004-06-30,00:00:00.00,0.686021,1.44777,1.65,2.37545,4.85
639,2004-07-01,00:00:00.00,0,1.38456,1.49,2.2728,4.56
640,2004-07-02,00:00:00.00,0,1.32374,1.49,2.17411,4.34
641,2004-07-03,00:00:00.00,0,1.26552,1.45,2.08305,4.06
642,2004-07-04,00:00:00.00,0,1.20984,1.36,2.00392,3.82
643,2004-07-05,00:00:00.00,4.01161,1.15661,1.31,1.93307,3.77
644,2004-07-06,00:00:00.00,0.325591,1.10572,1.39,1.85887,3.86
645,2004-07-07,00:00:00.00,3.57807,1.05706,1.7,1.78012,3.73
646,2004-07-08,00:00:00.00,14.1286,1.01055,1.9,1.71623,4
647,2004-07-09,00:00:00.00,0.419785,0.971216,2.5,1.65409,4.4
648,2004-07-10,00:00:00.00,0.137204,0.940569,5.08,1.58205,4.11
649,2004-07-11,00:00:00.00,0,0.908374,2.38,1.51611,6.84
650,2004-07-12,00:00:00.00,0,0.871151,1.49,1.45575,5.84
651,2004-07-13,00:00:00.00,0,0.833445,1.21,1.39746,4.66
652,2004-07-14,00:00:00.00,5.63161,0.799121,1.1,1.34263,4.09
653,2004-07-15,00:00:00.00,11.7097,0.80679,1.09,1.32536,4.05
654,2004-07-16,00:00:00.00,8.39312,1.39606,1.67,1.45789,4.08
655,2004-07-17,00:00:00.00,0.474409,2.31253,3.16,1.73362,4.02
656,2004-07-18,00:00:00.00,9.5957,3.44833,4.42,2.34949,4.76
657,2004-07-19,00:00:00.00,12.8834,5.01205,8.71,3.87058,5.49
658,2004-07-20,00:00:00.00,0.431398,5.07647,11,5.21146,11.5
659,2004-07-21,00:00:00.00,0.4,3.42426,6.6,5.20562,13.1
660,2004-07-22,00:00:00.00,3.9385,2.21391,3.59,4.37262,9.56
661,2004-07-23,00:00:00.00,2.2628,1.86842,2.55,3.37626,7.06
662,2004-07-24,00:00:00.00,0,1.75126,1.89,2.67461,6.04
663,2004-07-25,00:00:00.00,0,1.66922,1.64,2.30534,5.01
664,2004-07-26,00:00:00.00,0,1.59506,1.21,2.11583,4.48
665,2004-07-27,00:00:00.00,1.10237,1.52477,0.952,1.99431,4.07
666,2004-07-28,00:00:00.00,12.2628,1.45766,1.24,2.02565,4.12
667,2004-07-29,00:00:00.00,5.28129,1.46888,1.3,2.28404,4.67
668,2004-07-30,00:00:00.00,0,1.48479,1.39,2.39897,4.65
669,2004-07-31,00:00:00.00,7.27355,1.42704,1.16,2.27243,4.23
670,2004-08-01,00:00:00.00,31.8047,4.21399,4.58,3.94796,5.11
671,2004-08-02,00:00:00.00,0,8.32501,10.7,6.31689,8.48
672,2004-08-03,00:00:00.00,9.90495,10.0622,4.71,8.11514,13
673,2004-08-04,00:00:00.00,0.419785,10.6084,2.79,10.1685,8.44
674,2004-08-05,00:00:00.00,3.17204,8.56309,3.48,10.7977,6.33
675,2004-08-06,00:00:00.00,0.137204,4.90241,2.93,9.29461,5.97
676,2004-08-07,00:00:00.00,0,2.92788,2.25,6.92695,5.45
677,2004-08-08,00:00:00.00,0,2.36652,1.76,5.02186,4.72
678,2004-08-09,00:00:00.00,0,2.21493,1.45,3.8401,4.26
679,2004-08-10,00:00:00.00,0.388387,2.11417,1.14,3.25935,3.88
680,2004-08-11,00:00:00.00,0.725591,2.02067,1.02,2.96725,3.67
681,2004-08-12,00:00:00.00,8.41376,1.93169,0.744,2.88353,3.54
682,2004-08-13,00:00:00.00,0.2,1.84668,0.783,2.82177,3.4
683,2004-08-14,00:00:00.00,7.28129,1.76543,0.844,2.75593,3.66
684,2004-08-15,00:00:00.00,0.137204,1.68774,0.848,2.67786,3.75
685,2004-08-16,00:00:00.00,0,1.61348,0.751,2.47126,3.72
686,2004-08-17,00:00:00.00,0,1.54248,0.657,2.28955,3.49
687,2004-08-18,00:00:00.00,0.765162,1.47461,0.595,2.16735,3.22
688,2004-08-19,00:00:00.00,0.611613,1.41182,0.591,2.0688,3.14
689,2004-08-20,00:00:00.00,0,1.35287,0.582,1.98507,3.03
690,2004-08-21,00:00:00.00,0.0627957,1.29465,0.553,1.91246,2.87
691,2004-08-22,00:00:00.00,0,1.23798,0.539,1.83875,3.09
692,2004-08-23,00:00:00.00,0,1.18358,0.528,1.76216,2.83
693,2004-08-24,00:00:00.00,0.137204,1.13151,0.538,1.68645,2.75
694,2004-08-25,00:00:00.00,0,1.08173,0.481,1.61301,2.66
695,2004-08-26,00:00:00.00,1.67097,1.03413,0.475,1.54249,2.59
696,2004-08-27,00:00:00.00,10.2323,0.988628,0.595,1.63691,2.78
697,2004-08-28,00:00:00.00,2.73032,0.945127,0.66,1.71237,3.19
698,2004-08-29,00:00:00.00,41.9264,22.7359,0.858,41.5843,3.3
699,2004-08-30,00:00:00.00,19.4099,32.9224,1.2,87.1164,3.84
700,2004-08-31,00:00:00.00,0,13.4672,4.9,65.5303,7.01
701,2004-09-01,00:00:00.00,0.137204,4.10657,4.05,25.9866,6.41
702,2004-09-02,00:00:00.00,0,2.18197,2.03,10.409,7.34
703,2004-09-03,00:00:00.00,0,1.71528,1.3,6.03686,5.55
704,2004-09-04,00:00:00.00,0,1.60538,1,4.38413,4.42
705,2004-09-05,00:00:00.00,0,1.53394,0.803,3.66302,3.87
706,2004-09-06,00:00:00.00,0,1.46651,0.677,3.33351,3.46
707,2004-09-07,00:00:00.00,4.95484,1.40199,0.562,3.13478,3.2
708,2004-09-08,00:00:00.00,9.1957,1.53785,0.555,3.01754,3.14
709,2004-09-09,00:00:00.00,4.13269,2.26361,0.583,3.07153,3.06
710,2004-09-10,00:00:00.00,17.7647,3.55675,1,4.22019,3.68
711,2004-09-11,00:00:00.00,0.137204,4.11221,1.06,5.47383,4.24
712,2004-09-12,00:00:00.00,0,3.28952,0.818,5.48461,4.18
713,2004-09-13,00:00:00.00,0,2.42119,0.698,4.98218,3.93
714,2004-09-14,00:00:00.00,0,2.11642,0.606,4.34405,3.59
715,2004-09-15,00:00:00.00,0,1.9873,0.536,3.81837,3.32
716,2004-09-16,00:00:00.00,0,1.89472,0.503,3.48286,3.13
717,2004-09-17,00:00:00.00,0.886021,1.81062,0.499,3.26532,2.96
718,2004-09-18,00:00:00.00,0,1.73332,0.418,3.10395,2.88
719,2004-09-19,00:00:00.00,0,1.66029,0.394,2.96654,2.75
720,2004-09-20,00:00:00.00,0,1.58818,0.39,2.8386,2.63
721,2004-09-21,00:00:00.00,0,1.51852,0.405,2.71576,2.54
722,2004-09-22,00:00:00.00,0,1.45175,0.413,2.59737,2.5
723,2004-09-23,00:00:00.00,0,1.38788,0.385,2.4836,2.43
724,2004-09-24,00:00:00.00,0,1.32681,0.502,2.37454,2.36
725,2004-09-25,00:00:00.00,0,1.26843,0.496,2.27014,2.34
726,2004-09-26,00:00:00.00,0,1.21262,0.505,2.17034,2.35
727,2004-09-27,00:00:00.00,0,1.15926,0.479,2.08572,2.4
728,2004-09-28,00:00:00.00,0,1.10825,0.418,2.00861,2.38
729,2004-09-29,00:00:00.00,0,1.05949,0.395,1.92541,2.32
730,2004-09-30,00:00:00.00,0,1.01287,0.403,1.84252,2.27
